X,C5: Sample 53,X,C6: Sample 54,X,C12: Sample 60,X,D1: Sample 73,X,D3: Sample 75,X,D9: Sample 81,X,D10: Sample 82,X,E5: Sample 101,X,G5: Sample 149,X,H5: Sample 173,X,H6: Sample 174,X,H7: Sample 175,X,H8: Sample 176,X,H11: Sample 179
24.35,1.10382840113109,24.35,3.82527094539364,24.35,1.83283949133084,24.35,0.809955319020249,24.35,6.79192101079995,24.35,0.560306765876114,24.35,1.33822211509189,24.35,2.0638099434706,24.35,4.90254587498504,24.35,2.10425473256903,24.35,0.690653199648244,24.35,1.27308132035904,24.35,2.48066380762038,24.35,3.23355459011338
24.9042519685039,1.10382840113109,24.9042519685039,3.82527094539364,24.9042519685039,1.83283949133084,24.9042519685039,0.809955319020249,24.9042519685039,6.79192101079995,24.9042519685039,0.560306765876114,24.9042519685039,1.33822211509189,24.9042519685039,2.0638099434706,24.9042519685039,4.90254587498504,24.9042519685039,2.10425473256903,24.9042519685039,0.690653199648244,24.9042519685039,1.27308132035904,24.9042519685039,2.48066380762038,24.9042519685039,3.23355459011338
25.4585039370079,0.987948197731239,25.4585039370079,3.04901050723406,25.4585039370079,1.58987577703691,25.4585039370079,0.675009963839561,25.4585039370079,5.40100361582937,25.4585039370079,0.492662509646762,25.4585039370079,1.21796249759093,25.4585039370079,1.69688859567826,25.4585039370079,3.91487407909634,25.4585039370079,1.7395170398454,25.4585039370079,0.608770135935885,25.4585039370079,1.11766638461756,25.4585039370079,2.04149314088133,25.4585039370079,2.77690086792719
26.0127559055118,0.915943783607407,26.0127559055118,2.2404459450891,26.0127559055118,1.32909094142119,26.0127559055118,0.529816345375865,26.0127559055118,3.88001305675914,26.0127559055118,0.428675329542301,26.0127559055118,1.05720231757149,26.0127559055118,1.34974590859256,26.0127559055118,2.87800611652888,26.0127559055118,1.37881306100724,26.0127559055118,0.518763228805621,26.0127559055118,0.924271601464447,26.0127559055118,1.5555874045745,26.0127559055118,2.26007686904403
26.5670078740158,0.909069998333009,26.5670078740158,1.71162319081653,26.5670078740158,1.17446500745445,26.5670078740158,0.442535573682605,26.5670078740158,2.84371670233663,26.5670078740158,0.396598029362031,26.5670078740158,0.9371695159621,26.5670078740158,1.17940626862452,26.5670078740158,2.23798886156366,26.5670078740158,1.19590666238267,26.5670078740158,0.456803756843296,26.5670078740158,0.795771930077269,26.5670078740158,1.18920950004511,26.5670078740158,1.94916904828986
27.1212598425197,0.911525063056578,27.1212598425197,1.39215713446314,27.1212598425197,1.09977477259535,27.1212598425197,0.385010237919368,27.1212598425197,2.25962414149321,27.1212598425197,0.363281167638631,27.1212598425197,0.870158787037758,27.1212598425197,1.08554905871421,27.1212598425197,1.90300592369658,27.1212598425197,1.18573966365101,27.1212598425197,0.428711299831784,27.1212598425197,0.724553116132214,27.1212598425197,0.936801413569611,27.1212598425197,1.82116120806372
27.6755118110236,0.895055488034372,27.6755118110236,1.22957639157238,27.6755118110236,1.02284143420614,27.6755118110236,0.348982342806435,27.6755118110236,1.98736738401783,27.6755118110236,0.325097654452735,27.6755118110236,0.826905500050826,27.6755118110236,0.965218331281986,27.6755118110236,1.6512249721728,27.6755118110236,1.24625839749497,27.6755118110236,0.424456686548318,27.6755118110236,0.675164650126673,27.6755118110236,0.82883548954151,27.6755118110236,1.76000378761422
28.2297637795276,0.900346074011077,28.2297637795276,1.1919983095445,28.2297637795276,0.934357266697446,28.2297637795276,0.314649791880245,28.2297637795276,2.0511575653522,28.2297637795276,0.307164884236015,28.2297637795276,0.793208748256455,28.2297637795276,0.933670659897742,28.2297637795276,1.43623447821387,28.2297637795276,1.32756673034133,28.2297637795276,0.420593157496017,28.2297637795276,0.654159905344104,28.2297637795276,0.978419167023604,28.2297637795276,1.72923886439303
28.7840157480315,0.966307221241031,28.7840157480315,1.20673864696578,28.7840157480315,0.909106153939807,28.7840157480315,0.280993385748095,28.7840157480315,2.41198915058555,28.7840157480315,0.286978750333859,28.7840157480315,0.765643826169269,28.7840157480315,1.0824676082793,28.7840157480315,1.27752190578042,28.7840157480315,1.44592432835881,28.7840157480315,0.414443471574687,28.7840157480315,0.651208028837684,28.7840157480315,1.32426875954208,28.7840157480315,1.7053272687565
29.3382677165354,1.06628480258673,29.3382677165354,1.21872026545611,29.3382677165354,0.901869505791942,29.3382677165354,0.288201378979335,29.3382677165354,2.73700986323862,29.3382677165354,0.262490673112835,29.3382677165354,0.761531534320404,29.3382677165354,1.2783326950733,29.3382677165354,1.35061540664491,29.3382677165354,1.54632295099426,29.3382677165354,0.404470890941784,29.3382677165354,0.65067316702328,29.3382677165354,1.59557281701537,29.3382677165354,1.6685483263968
29.8925196850394,1.14887873897809,29.8925196850394,1.22668874672949,29.8925196850394,0.86677765541441,29.8925196850394,0.317511717829907,29.8925196850394,2.77072243895528,29.8925196850394,0.254861877851239,29.8925196850394,0.75552868750191,29.8925196850394,1.3742952921571,29.8925196850394,1.74827935110032,29.8925196850394,1.55566724755923,29.8925196850394,0.380163903441689,29.8925196850394,0.634767614309565,29.8925196850394,1.66653368102844,29.8925196850394,1.63064390058084
30.4467716535433,1.23118580423603,30.4467716535433,1.23598233570934,30.4467716535433,0.818284135860663,30.4467716535433,0.316121373350989,30.4467716535433,2.65137051708971,30.4467716535433,0.258400120482492,30.4467716535433,0.708905393411959,30.4467716535433,1.39249072447102,30.4467716535433,2.21566374873233,30.4467716535433,1.49968387565156,30.4467716535433,0.357032770066218,30.4467716535433,0.601205631577462,30.4467716535433,1.61174997266522,30.4467716535433,1.60949850349975
31.0010236220472,1.31732708864422,31.0010236220472,1.20904846449359,31.0010236220472,0.792108865401846,31.0010236220472,0.282927678836142,31.0010236220472,2.57689255623928,31.0010236220472,0.266384974687192,31.0010236220472,0.671895998138661,31.0010236220472,1.40354911829708,31.0010236220472,2.52150404254782,31.0010236220472,1.44987409489916,31.0010236220472,0.343576042864105,31.0010236220472,0.571028663279714,31.0010236220472,1.55141345983181,31.0010236220472,1.61092069498813
31.5552755905512,1.37767948103588,31.5552755905512,1.16253716696907,31.5552755905512,0.796076178290415,31.5552755905512,0.25373710736003,31.5552755905512,2.57559297523733,31.5552755905512,0.284753979749994,31.5552755905512,0.662551054899815,31.5552755905512,1.39690376351666,31.5552755905512,2.65399251613515,31.5552755905512,1.42878677410727,31.5552755905512,0.330897070830961,31.5552755905512,0.568598391585982,31.5552755905512,1.57268400110905,31.5552755905512,1.60759406209216
32.1095275590551,1.44595738065889,32.1095275590551,1.15319997745985,32.1095275590551,0.785752399064175,32.1095275590551,0.243184630591853,32.1095275590551,2.56866100226394,32.1095275590551,0.300361236969646,32.1095275590551,0.642712450636167,32.1095275590551,1.39215380621684,32.1095275590551,2.67243186385392,32.1095275590551,1.43793030645688,32.1095275590551,0.318906446214181,32.1095275590551,0.571894454361022,32.1095275590551,1.59204569114521,32.1095275590551,1.59663784242764
32.6637795275591,1.50630497745971,32.6637795275591,1.12783160697808,32.6637795275591,0.762127740588915,32.6637795275591,0.226333910081552,32.6637795275591,2.5190519753036,32.6637795275591,0.306089670216676,32.6637795275591,0.628041974890246,32.6637795275591,1.39940440737242,32.6637795275591,2.61622187094022,32.6637795275591,1.44236340131982,32.6637795275591,0.296896803697069,32.6637795275591,0.53907477280366,32.6637795275591,1.55760152257389,32.6637795275591,1.5728358423575
33.218031496063,1.5124361241115,33.218031496063,1.02469708800127,33.218031496063,0.746018249581839,33.218031496063,0.190030722680164,33.218031496063,2.45773026593499,33.218031496063,0.300008024544711,33.218031496063,0.627746416582677,33.218031496063,1.38331766497273,33.218031496063,2.54053224959147,33.218031496063,1.40542328273825,33.218031496063,0.270210834986959,33.218031496063,0.493386242141046,33.218031496063,1.5403765222325,33.218031496063,1.51721017627903
33.7722834645669,1.50184617040194,33.7722834645669,0.892543774983709,33.7722834645669,0.743247669583962,33.7722834645669,0.147285529386436,33.7722834645669,2.37406386063345,33.7722834645669,0.283710207118014,33.7722834645669,0.615766211487541,33.7722834645669,1.35701176195716,33.7722834645669,2.46741525360994,33.7722834645669,1.35238882675332,33.7722834645669,0.257674298191452,33.7722834645669,0.474856894850314,33.7722834645669,1.51097769195409,33.7722834645669,1.48576829987516
34.3265354330709,1.49260395453286,34.3265354330709,0.740566693358137,34.3265354330709,0.735860057558031,34.3265354330709,0.111568561269161,34.3265354330709,2.27782720733816,34.3265354330709,0.266465747671095,34.3265354330709,0.578340467860571,34.3265354330709,1.33864115478691,34.3265354330709,2.41572465817601,34.3265354330709,1.3199142494934,34.3265354330709,0.248561139405227,34.3265354330709,0.46868145117309,34.3265354330709,1.45235240012402,34.3265354330709,1.49281485388824
34.8807874015748,1.49588093201616,34.8807874015748,0.598854152523884,34.8807874015748,0.708308830272694,34.8807874015748,0.0726239929436322,34.8807874015748,2.25393178491162,34.8807874015748,0.252757566752849,34.8807874015748,0.528225720921907,34.8807874015748,1.33448667870468,34.8807874015748,2.43407639769986,34.8807874015748,1.29993995263671,34.8807874015748,0.224936838820688,34.8807874015748,0.450028389270866,34.8807874015748,1.41134231081037,34.8807874015748,1.48547730203959
35.4350393700787,1.52322468509382,35.4350393700787,0.508663048357581,35.4350393700787,0.668092107294838,35.4350393700787,0.0260251764781278,35.4350393700787,2.25869768002449,35.4350393700787,0.244785136812858,35.4350393700787,0.494386150050589,35.4350393700787,1.31783485707546,35.4350393700787,2.37519199255755,35.4350393700787,1.26277415984677,35.4350393700787,0.180540087940787,35.4350393700787,0.412502243900551,35.4350393700787,1.34485259726286,35.4350393700787,1.45223414364908
35.9892913385827,1.54144921023434,35.9892913385827,0.420172309722502,35.9892913385827,0.637233520436263,35.9892913385827,-0.0186913110656954,35.9892913385827,2.22646385016323,35.9892913385827,0.236771895544097,35.9892913385827,0.476284225633179,35.9892913385827,1.29580785897337,35.9892913385827,2.27835594735943,35.9892913385827,1.23497356587531,35.9892913385827,0.123829062625125,35.9892913385827,0.383177167966958,35.9892913385827,1.25428141899048,35.9892913385827,1.39788103351254
36.5435433070866,1.53936367330551,36.5435433070866,0.308214414065284,36.5435433070866,0.631917523529605,36.5435433070866,-0.0576285822366248,36.5435433070866,2.19130535451362,36.5435433070866,0.230102138159475,36.5435433070866,0.451152426405167,36.5435433070866,1.29139960016401,36.5435433070866,2.2703601578585,36.5435433070866,1.20071564006958,36.5435433070866,0.0752844314051584,36.5435433070866,0.387501752025484,36.5435433070866,1.21577208518323,36.5435433070866,1.33190825794561
37.0977952755906,1.52578219583545,37.0977952755906,0.191862795198899,37.0977952755906,0.620764769465251,37.0977952755906,-0.0987729461934575,37.0977952755906,2.15820831177211,37.0977952755906,0.223305073538484,37.0977952755906,0.419304132732696,37.0977952755906,1.2894310247832,37.0977952755906,2.23660477734979,37.0977952755906,1.13697972805882,37.0977952755906,0.0310445509183203,37.0977952755906,0.385097212426013,37.0977952755906,1.17308078877896,37.0977952755906,1.30455183717678
37.6520472440945,1.5144068249236,37.6520472440945,0.0765802059124131,37.6520472440945,0.567400940300096,37.6520472440945,-0.148485009768377,37.6520472440945,2.10733528075917,37.6520472440945,0.208763629260816,37.6520472440945,0.387796855361812,37.6520472440945,1.26679381673573,37.6520472440945,2.1808102490729,37.6520472440945,1.11201486355888,37.6520472440945,-0.0173012505453627,37.6520472440945,0.355921966072484,37.6520472440945,1.0665870595597,37.6520472440945,1.28476527484443
38.2062992125984,1.50563408312403,38.2062992125984,-0.0302945048398475,38.2062992125984,0.520466500362072,38.2062992125984,-0.200659214574669,38.2062992125984,2.03643951021857,38.2062992125984,0.196929970467259,38.2062992125984,0.345276339239616,38.2062992125984,1.25121197425264,38.2062992125984,2.18101024811496,38.2062992125984,1.12905040194022,38.2062992125984,-0.0641009773276082,38.2062992125984,0.319892894045025,38.2062992125984,0.931921659949698,38.2062992125984,1.24111936161225
38.7605511811024,1.52054342522355,38.7605511811024,-0.121677946224917,38.7605511811024,0.490495257777013,38.7605511811024,-0.266554892967055,38.7605511811024,1.98545492703431,38.7605511811024,0.185104498068481,38.7605511811024,0.288149089554552,38.7605511811024,1.26323815949709,38.7605511811024,2.18205305631244,38.7605511811024,1.11265915085453,38.7605511811024,-0.13541252522143,38.7605511811024,0.307724735587853,38.7605511811024,0.773346625860201,38.7605511811024,1.17126953840085
39.3148031496063,1.50972606107503,39.3148031496063,-0.198907472229765,39.3148031496063,0.42610192367953,39.3148031496063,-0.350735824693889,39.3148031496063,1.94549176132258,39.3148031496063,0.164573555739925,39.3148031496063,0.229363534452301,39.3148031496063,1.25807536079437,39.3148031496063,2.1222908789618,39.3148031496063,1.02183619890545,39.3148031496063,-0.247515821743711,39.3148031496063,0.30184811947581,39.3148031496063,0.592187084187042,39.3148031496063,1.04912605421884
39.8690551181102,1.45071250681014,39.8690551181102,-0.273045368251102,39.8690551181102,0.365965929982492,39.8690551181102,-0.445434354828436,39.8690551181102,1.88778658807457,39.8690551181102,0.139030576248483,39.8690551181102,0.16626772995166,39.8690551181102,1.22682419523055,39.8690551181102,2.06354643195823,39.8690551181102,0.938307516699083,39.8690551181102,-0.369252421614467,39.8690551181102,0.264848058286768,39.8690551181102,0.427606753087509,39.8690551181102,0.958340259546964
40.4233070866142,1.41289084226397,40.4233070866142,-0.329703820994412,40.4233070866142,0.324195987568479,40.4233070866142,-0.54456818865118,40.4233070866142,1.7953800550524,40.4233070866142,0.114832560313441,40.4233070866142,0.104669456956328,40.4233070866142,1.17737045349312,40.4233070866142,2.03375162425533,40.4233070866142,0.887181732026081,40.4233070866142,-0.473977845085305,40.4233070866142,0.227035439605779,40.4233070866142,0.259128830596758,40.4233070866142,0.931999100938603
40.9775590551181,1.37772023411689,40.9775590551181,-0.346274330887377,40.9775590551181,0.253075852562752,40.9775590551181,-0.658644748803561,40.9775590551181,1.66970494423434,40.9775590551181,0.0858468060811722,40.9775590551181,0.0228497996053723,40.9775590551181,1.14886411586804,40.9775590551181,2.0205249425143,40.9775590551181,0.832648108144166,40.9775590551181,-0.569541893294159,40.9775590551181,0.199093682377809,40.9775590551181,0.0297575142128025,40.9775590551181,0.875112542083495
41.5318110236221,1.32442957711733,41.5318110236221,-0.321619748679633,41.5318110236221,0.16584134423432,41.5318110236221,-0.803444498600918,41.5318110236221,1.56996557108334,41.5318110236221,0.0473216031808135,41.5318110236221,-0.0811532417865417,41.5318110236221,1.14665993933239,41.5318110236221,2.03968053703774,41.5318110236221,0.79884213304778,41.5318110236221,-0.694239370526262,41.5318110236221,0.14729367557339,41.5318110236221,-0.262116651690256,41.5318110236221,0.729223221362882
42.086062992126,1.29500996803275,42.086062992126,-0.293700406806203,42.086062992126,0.0644358380423951,42.086062992126,-0.960475101208263,42.086062992126,1.51372162498027,42.086062992126,0.0117003506076798,42.086062992126,-0.183986272976496,42.086062992126,1.09708654213612,42.086062992126,2.05363252445727,42.086062992126,0.761651343058858,42.086062992126,-0.851265330073063,42.086062992126,0.0718046105651673,42.086062992126,-0.545465066475707,42.086062992126,0.51266190644133
42.6403149606299,1.26938120932384,42.6403149606299,-0.293971890459702,42.6403149606299,-0.0572547900243828,42.6403149606299,-1.12671056870063,42.6403149606299,1.4161488792088,42.6403149606299,-0.0219176822803233,42.6403149606299,-0.292863961345953,42.6403149606299,1.02363539164387,42.6403149606299,2.03177820238133,42.6403149606299,0.68563591721801,42.6403149606299,-0.997265617988625,42.6403149606299,0.010829489341063,42.6403149606299,-0.77605588683125,42.6403149606299,0.223903233829695
43.1945669291339,1.18501420873102,43.1945669291339,-0.281216106425019,43.1945669291339,-0.173230918692373,43.1945669291339,-1.34266935775956,43.1945669291339,1.25932112037247,43.1945669291339,-0.0648949467939718,43.1945669291339,-0.403638769971229,43.1945669291339,0.992359006881185,43.1945669291339,1.987368145135,43.1945669291339,0.571230923903569,43.1945669291339,-1.13145458334085,43.1945669291339,-0.025856253996386,43.1945669291339,-1.01885150157928,43.1945669291339,-0.253047710719041
43.7488188976378,1.03847091368848,43.7488188976378,-0.236806710683293,43.7488188976378,-0.274717953841622,43.7488188976378,-1.59415447467278,43.7488188976378,1.09519163722456,43.7488188976378,-0.13229842185155,43.7488188976378,-0.517789645737591,43.7488188976378,0.975445084416765,43.7488188976378,1.97093782052249,43.7488188976378,0.427110037210992,43.7488188976378,-1.27826496885427,43.7488188976378,-0.0732395324058882,43.7488188976378,-1.25165717555791,43.7488188976378,-0.99392931266603
44.3030708661417,0.892043566806921,44.3030708661417,-0.176681274129615,44.3030708661417,-0.385759495033812,44.3030708661417,-1.86971525113667,44.3030708661417,0.939585977415279,44.3030708661417,-0.220280322564107,44.3030708661417,-0.640751780708186,44.3030708661417,0.943852715336709,44.3030708661417,2.00637787674231,44.3030708661417,0.292604206317661,44.3030708661417,-1.452043010344,44.3030708661417,-0.154158363840741,44.3030708661417,-1.45526597355938,44.3030708661417,-1.68675892310722
44.8573228346457,0.790989928395365,44.8573228346457,-0.116071166358658,44.8573228346457,-0.525526353903953,44.8573228346457,-2.17504569174182,44.8573228346457,0.772195288728987,44.8573228346457,-0.320690787674194,44.8573228346457,-0.797368224577578,44.8573228346457,0.889561318194218,44.8573228346457,2.04190919030696,44.8573228346457,0.19261331430315,44.8573228346457,-1.63438596342872,44.8573228346457,-0.273669582509538,44.8573228346457,-1.67710107973612,44.8573228346457,-1.81955813445179
45.4115748031496,0.688160209458754,45.4115748031496,-0.0954335515838873,45.4115748031496,-0.704613885330563,45.4115748031496,-2.49455473742612,45.4115748031496,0.582740888251431,45.4115748031496,-0.420707480142646,45.4115748031496,-0.968304084040721,45.4115748031496,0.798570921041324,45.4115748031496,2.03789905858731,45.4115748031496,0.0731889548587796,45.4115748031496,-1.82452521903468,45.4115748031496,-0.420817388958073,45.4115748031496,-1.85214794683411,45.4115748031496,-1.38103696284828
45.9658267716536,0.5540764450109,45.9658267716536,-0.0677040001041968,45.9658267716536,-0.903359489433938,45.9658267716536,-2.87676824038592,45.9658267716536,0.401437610337692,45.9658267716536,-0.53089698535201,45.9658267716536,-1.09192535371481,45.9658267716536,0.687739579401019,45.9658267716536,2.04060032600705,45.9658267716536,-0.0904926682879393,45.9658267716536,-2.04983106237427,45.9658267716536,-0.563034747361226,45.9658267716536,-1.95380381525885,45.9658267716536,-0.792120758324281
46.5200787401575,0.368901867423865,46.5200787401575,0.0218553541003124,46.5200787401575,-1.08871330238251,46.5200787401575,-3.31666186481069,46.5200787401575,0.221167377404629,46.5200787401575,-0.663605164372648,46.5200787401575,-1.17838225321824,46.5200787401575,0.581921743029914,46.5200787401575,2.10181770862977,46.5200787401575,-0.285025174398264,46.5200787401575,-2.28214351577534,46.5200787401575,-0.700659539362563,46.5200787401575,-1.98155012180026,46.5200787401575,-0.334509501234467
47.0743307086614,0.0987097180363953,47.0743307086614,0.120120590476051,47.0743307086614,-1.28483536726778,47.0743307086614,-3.81665736463739,47.0743307086614,0.0556915206525508,47.0743307086614,-0.806778624244059,47.0743307086614,-1.27308259993024,47.0743307086614,0.475147426244826,47.0743307086614,2.17388445206984,47.0743307086614,-0.505079377064909,47.0743307086614,-2.52695154217178,47.0743307086614,-0.874355902607478,47.0743307086614,-1.92540024549192,47.0743307086614,-0.0309477105720387
47.6285826771654,-0.233142975010185,47.6285826771654,0.17268282817931,47.6285826771654,-1.4702297741614,47.6285826771654,-4.38719311469121,47.6285826771654,-0.0106198366258433,47.6285826771654,-0.964233464637182,47.6285826771654,-1.3421975033498,47.6285826771654,0.342092415120477,47.6285826771654,2.19365777655286,47.6285826771654,-0.73336771953943,47.6285826771654,-2.77400778948021,47.6285826771654,-1.06375153326112,47.6285826771654,-1.73232681745128,47.6285826771654,0.175260793111055
48.1828346456693,-0.605758635551008,48.1828346456693,0.197361762940593,48.1828346456693,-1.66658822175987,48.1828346456693,-5.1123475865572,48.1828346456693,-0.0166419246564024,48.1828346456693,-1.12919778365026,48.1828346456693,-1.36980987254975,48.1828346456693,0.18655617452364,48.1828346456693,2.19872277489193,48.1828346456693,-0.974304849977507,48.1828346456693,-3.04121344479986,48.1828346456693,-1.22851426219806,48.1828346456693,-1.40601617102482,48.1828346456693,0.301747200068805
48.7370866141732,-1.03260517613827,48.7370866141732,0.222608746119117,48.7370866141732,-1.90079665444434,48.7370866141732,-6.12875945539039,48.7370866141732,-0.0645601797628943,48.7370866141732,-1.29749488967529,48.7370866141732,-1.42562569534792,48.7370866141732,0.00487850340280921,48.7370866141732,2.21482714157401,48.7370866141732,-1.24080659082445,48.7370866141732,-3.33206333690546,48.7370866141732,-1.33306163114224,48.7370866141732,-1.0748698479388,48.7370866141732,0.347294340163084
49.2913385826772,-1.4857150453239,49.2913385826772,0.224527328707049,49.2913385826772,-2.10032669463404,49.2913385826772,-7.37341702683543,49.2913385826772,-0.117549730587203,49.2913385826772,-1.48825782937746,49.2913385826772,-1.5448624560018,49.2913385826772,-0.231313273337005,49.2913385826772,2.26653393484132,49.2913385826772,-1.5307153879059,49.2913385826772,-3.62292111083099,49.2913385826772,-1.38867918157374,49.2913385826772,-0.791523893156713,49.2913385826772,0.401660526820138
49.8455905511811,-1.89663460794128,49.8455905511811,0.222481895693919,49.8455905511811,-2.24551583653935,49.8455905511811,-8.64592071551143,49.8455905511811,-0.0921559705201335,49.8455905511811,-1.7238359210876,49.8455905511811,-1.6796620844428,49.8455905511811,-0.519939726129845,49.8455905511811,2.32460451225692,49.8455905511811,-1.82396610398147,49.8455905511811,-3.92296459439262,49.8455905511811,-1.54745685173443,49.8455905511811,-0.575280569732718,49.8455905511811,0.503448461251316
50.399842519685,-2.24861205165155,50.399842519685,0.254921196960129,50.399842519685,-2.37319909998432,50.399842519685,-9.74893081728686,50.399842519685,-0.0358024896627531,50.399842519685,-2.03187355924046,50.399842519685,-1.82350311593439,50.399842519685,-0.832410855081898,50.399842519685,2.36305323711672,50.399842519685,-2.09320541942461,50.399842519685,-4.21923300518928,50.399842519685,-1.92444979001457,50.399842519685,-0.368376923809146,50.399842519685,0.602051135840355
50.954094488189,-2.5425318310222,50.954094488189,0.268844522577931,50.954094488189,-2.5069917035564,50.954094488189,-10.4066725689473,50.954094488189,-0.030190052898264,50.954094488189,-2.39536053418512,50.954094488189,-2.00689336170687,50.954094488189,-1.18174955299035,50.954094488189,2.39062960396926,50.954094488189,-2.34754451467762,50.954094488189,-4.51089577607148,50.954094488189,-2.45919034951546,50.954094488189,-0.187855681944849,50.954094488189,0.675700219383453
51.5083464566929,-2.71326955658308,51.5083464566929,0.218611394177853,51.5083464566929,-2.66626338251531,51.5083464566929,-10.3719002338733,51.5083464566929,-0.00084808039402804,51.5083464566929,-2.73932968969018,51.5083464566929,-2.17850073232279,51.5083464566929,-1.59148859135623,51.5083464566929,2.39008642327633,51.5083464566929,-2.61430297990707,51.5083464566929,-4.74282478401358,51.5083464566929,-3.03444115267351,51.5083464566929,-0.101177229823039,51.5083464566929,0.706384685004574
52.0625984251969,-2.68265502067475,52.0625984251969,0.181916939277755,52.0625984251969,-2.83177518593046,52.0625984251969,-9.69180008491959,52.0625984251969,0.0922695038701434,52.0625984251969,-3.0322227033677,52.0625984251969,-2.32464964472948,52.0625984251969,-2.01505669267886,52.0625984251969,2.43004833281346,52.0625984251969,-2.83183920698172,52.0625984251969,-4.82585332982062,52.0625984251969,-3.59423891449194,52.0625984251969,0.00772410533632601,52.0625984251969,0.738288612363427
52.6168503937008,-2.44772560824865,52.6168503937008,0.177143970399603,52.6168503937008,-3.00099292181356,52.6168503937008,-8.66654804244781,52.6168503937008,0.216342310755209,52.6168503937008,-3.30004253647,52.6168503937008,-2.51253451929239,52.6168503937008,-2.4402810410815,52.6168503937008,2.49214950114369,52.6168503937008,-2.95185355355442,52.6168503937008,-4.74535086775049,52.6168503937008,-4.15382622189491,52.6168503937008,0.223935073151961,52.6168503937008,0.802839224313064
53.1711023622047,-2.0586399699831,53.1711023622047,0.178529596067712,53.1711023622047,-3.1836380775569,53.1711023622047,-7.45741616390872,53.1711023622047,0.360082355990023,53.1711023622047,-3.51059001409017,53.1711023622047,-2.74667847897507,53.1711023622047,-2.87652839631752,53.1711023622047,2.51440479656599,53.1711023622047,-3.03070283769603,53.1711023622047,-4.48147990852358,53.1711023622047,-4.7068877628169,53.1711023622047,0.47431269484244,53.1711023622047,0.868828586068851
53.7253543307087,-1.57584797411628,53.7253543307087,0.175908612155966,53.7253543307087,-3.33537331018853,53.7253543307087,-6.12341771279292,53.7253543307087,0.48908682386707,53.7253543307087,-3.61858954764398,53.7253543307087,-2.97283914525329,53.7253543307087,-3.31985504441811,53.7253543307087,2.51870635118959,53.7253543307087,-3.134200506361,53.7253543307087,-4.03160955544056,53.7253543307087,-5.22880423470652,53.7253543307087,0.671130397932728,53.7253543307087,0.922310695737627
54.2796062992126,-1.08031680021676,54.2796062992126,0.117682305823942,54.2796062992126,-3.44576026598638,54.2796062992126,-4.80361212047949,54.2796062992126,0.639064286382495,54.2796062992126,-3.6722810954643,54.2796062992126,-3.17891350704606,54.2796062992126,-3.77470233148768,54.2796062992126,2.57532767002755,54.2796062992126,-3.2563415709047,54.2796062992126,-3.49279977724504,54.2796062992126,-5.74680320989835,54.2796062992126,0.814279751590508,54.2796062992126,0.976038827111794
54.8338582677165,-0.662558427758846,54.8338582677165,0.0348055241069524,54.8338582677165,-3.56539563694457,54.8338582677165,-3.63093713330822,54.8338582677165,0.831318816833655,54.8338582677165,-3.7331871596011,54.8338582677165,-3.3927675581988,54.8338582677165,-4.22118599571086,54.8338582677165,2.64431784175728,54.8338582677165,-3.36140648595897,54.8338582677165,-2.96895189092688,54.8338582677165,-6.28486045881579,54.8338582677165,0.960628277310278,54.8338582677165,1.05693837090228
55.3881102362205,-0.33296529770921,55.3881102362205,-0.0217639208716015,55.3881102362205,-3.66166844787441,55.3881102362205,-2.67385903319419,55.3881102362205,1.01543014801141,55.3881102362205,-3.78312961129123,55.3881102362205,-3.59989517877167,55.3881102362205,-4.59951186606955,55.3881102362205,2.63165778454983,55.3881102362205,-3.45616803358282,55.3881102362205,-2.45761854655927,55.3881102362205,-6.79779033658027,55.3881102362205,1.12668610990974,55.3881102362205,1.13798824085813
55.9423622047244,-0.0984119599283021,55.9423622047244,-0.0636093381120725,55.9423622047244,-3.68944523296158,55.9423622047244,-1.93710152825772,55.9423622047244,1.17834865123318,55.9423622047244,-3.80406088740743,55.9423622047244,-3.77180262475103,55.9423622047244,-4.85881820938032,55.9423622047244,2.62174532571275,55.9423622047244,-3.54146142916229,55.9423622047244,-1.90955441581297,55.9423622047244,-7.25321058913595,55.9423622047244,1.23463624847117,55.9423622047244,1.19877986800944
56.4966141732284,0.00139569370934175,56.4966141732284,-0.131070675140068,56.4966141732284,-3.67445177874426,56.4966141732284,-1.40481881334062,56.4966141732284,1.33003210184677,56.4966141732284,-3.82326542642169,56.4966141732284,-3.93637914295143,56.4966141732284,-5.01618770616769,56.4966141732284,2.65313073947968,56.4966141732284,-3.59762957442937,56.4966141732284,-1.40474032837495,56.4966141732284,-7.6486603138545,56.4966141732284,1.26484966825198,56.4966141732284,1.2458004036033
57.0508661417323,0.0460931810992633,57.0508661417323,-0.216679614981893,57.0508661417323,-3.5997640113135,57.0508661417323,-1.00875876815273,57.0508661417323,1.45208678808055,57.0508661417323,-3.86806816473331,57.0508661417323,-4.08993930490678,57.0508661417323,-5.09656718699063,57.0508661417323,2.6563406551747,57.0508661417323,-3.63194053931383,57.0508661417323,-0.98377158811396,57.0508661417323,-7.96411373451887,57.0508661417323,1.30698338042153,57.0508661417323,1.26110072874946
57.6051181102362,0.132185075852909,57.6051181102362,-0.271480548425569,57.6051181102362,-3.47825361982296,57.6051181102362,-0.717963243362593,57.6051181102362,1.56532226438874,57.6051181102362,-3.94424298026749,57.6051181102362,-4.20518410673394,57.6051181102362,-5.05580193736677,57.6051181102362,2.66218911665027,57.6051181102362,-3.62512903864523,57.6051181102362,-0.598991520592534,57.6051181102362,-8.17560821196775,57.6051181102362,1.4072576006657,57.6051181102362,1.258258738908
58.1593700787402,0.234337956688297,58.1593700787402,-0.335116743717469,58.1593700787402,-3.26847553701443,58.1593700787402,-0.507457873274136,58.1593700787402,1.67736050192845,58.1593700787402,-3.96768801320621,58.1593700787402,-4.27886380476096,58.1593700787402,-4.81292085141048,58.1593700787402,2.67232569202584,58.1593700787402,-3.52145829621692,58.1593700787402,-0.293417627382968,58.1593700787402,-8.20151193663445,58.1593700787402,1.49671396818379,58.1593700787402,1.24292929895925
58.7136220472441,0.302255821872367,58.7136220472441,-0.492271926927387,58.7136220472441,-2.96992201354385,58.7136220472441,-0.37932453583212,58.7136220472441,1.78926586994324,58.7136220472441,-3.86254729102212,58.7136220472441,-4.27831351966503,58.7136220472441,-4.38937758734821,58.7136220472441,2.65951147797899,58.7136220472441,-3.34449969711909,58.7136220472441,-0.0795617027005098,58.7136220472441,-8.01123894392327,58.7136220472441,1.51811510709211,58.7136220472441,1.23665985445303
59.267874015748,0.347903826437779,59.267874015748,-0.753425935249443,59.267874015748,-2.62372469393691,59.267874015748,-0.278853491388606,59.267874015748,1.91674993126959,59.267874015748,-3.58960701375483,59.267874015748,-4.13508760246328,59.267874015748,-3.82798790698365,59.267874015748,2.65841047788372,59.267874015748,-3.08266744434174,59.267874015748,0.110399706651903,59.267874015748,-7.56015248706482,59.267874015748,1.54180403186298,59.267874015748,1.24824346006138
59.822125984252,0.396092610959237,59.822125984252,-1.08487175698104,59.822125984252,-2.23609116169447,59.822125984252,-0.138926647562849,59.822125984252,2.02566424903229,59.822125984252,-3.1771822300033,59.822125984252,-3.86578612931043,59.822125984252,-3.14253015579696,59.822125984252,2.68122348741167,59.822125984252,-2.76706898513437,59.822125984252,0.243671325430228,59.822125984252,-6.85336904439452,59.822125984252,1.59928001684901,59.822125984252,1.285230210397
60.3763779527559,0.440382315015112,60.3763779527559,-1.42442076125716,60.3763779527559,-1.81509810222495,60.3763779527559,-0.0156147768792586,60.3763779527559,2.08475197670302,60.3763779527559,-2.67553653906951,60.3763779527559,-3.55674214354203,60.3763779527559,-2.35522664655935,60.3763779527559,2.69453972999794,60.3763779527559,-2.39391669308112,60.3763779527559,0.317914655976228,60.3763779527559,-5.89352103335978,60.3763779527559,1.64272169966718,60.3763779527559,1.3105303993708
60.9306299212598,0.470618748422616,60.9306299212598,-1.62989811511431,60.9306299212598,-1.35621690840159,60.9306299212598,0.0460273427261123,60.9306299212598,2.09048417283674,60.9306299212598,-2.10677543245265,60.9306299212598,-3.21635024287005,60.9306299212598,-1.53862047136294,60.9306299212598,2.66987532290978,60.9306299212598,-1.89579562941374,60.9306299212598,0.39264798625773,60.9306299212598,-4.68488165215788,60.9306299212598,1.65181020963296,60.9306299212598,1.2990463329743
61.4848818897638,0.489227130623485,61.4848818897638,-1.57690401799484,61.4848818897638,-0.901241292831001,61.4848818897638,0.0898262903070902,61.4848818897638,2.09211274211726,61.4848818897638,-1.53734456702513,61.4848818897638,-2.77552519968599,61.4848818897638,-0.775471479164358,61.4848818897638,2.62929737322611,61.4848818897638,-1.33600199602369,61.4848818897638,0.48788991670244,61.4848818897638,-3.37929239817305,61.4848818897638,1.65096725078303,61.4848818897638,1.29848946426001
62.0391338582677,0.504453822144676,62.0391338582677,-1.30098111815404,62.0391338582677,-0.52974237573846,62.0391338582677,0.130017670319115,62.0391338582677,2.11239781735882,62.0391338582677,-1.05428597507708,62.0391338582677,-2.22794891802846,62.0391338582677,-0.142829981560086,62.0391338582677,2.57915501112175,62.0391338582677,-0.794842135697476,62.0391338582677,0.561520340328432,62.0391338582677,-2.10284498040134,62.0391338582677,1.65300469585413,62.0391338582677,1.2843263070865
62.5933858267717,0.563689873674809,62.5933858267717,-0.895554883805775,62.5933858267717,-0.258109595147725,62.5933858267717,0.18023587299108,62.5933858267717,2.16208625901684,62.5933858267717,-0.683382219172494,62.5933858267717,-1.61085410080459,62.5933858267717,0.292811929488664,62.5933858267717,2.54091803865722,62.5933858267717,-0.266451407172214,62.5933858267717,0.585417940895614,62.5933858267717,-0.972250749906517,62.5933858267717,1.64396388685662,62.5933858267717,1.24506280963828
63.1476377952756,0.636048119183449,63.1476377952756,-0.401693835145685,63.1476377952756,-0.0170375102331032,63.1476377952756,0.245558401446561,63.1476377952756,2.24009067180957,63.1476377952756,-0.422826470372158,63.1476377952756,-0.960592879227047,63.1476377952756,0.554361315146744,63.1476377952756,2.5389969876551,63.1476377952756,0.261464900370434,63.1476377952756,0.593302325702198,63.1476377952756,-0.0900793312609396,63.1476377952756,1.6515854769301,63.1476377952756,1.24236902358099
63.7018897637795,0.651178786334354,63.7018897637795,0.0913091187947659,63.7018897637795,0.211084285590557,63.7018897637795,0.307254718634506,63.7018897637795,2.27686416354157,63.7018897637795,-0.268424854075478,63.7018897637795,-0.377835658324795,63.7018897637795,0.705730803673866,63.7018897637795,2.56192729091765,63.7018897637795,0.687599115345641,63.7018897637795,0.608677658730302,63.7018897637795,0.497790635722572,63.7018897637795,1.6896525777683,63.7018897637795,1.26507431136597
64.2561417322835,0.614754155262543,64.2561417322835,0.510342393165276,64.2561417322835,0.385603241519709,64.2561417322835,0.353945143277813,64.2561417322835,2.26342930446901,64.2561417322835,-0.130446197800891,64.2561417322835,0.108996525147991,64.2561417322835,0.79605443519983,64.2561417322835,2.58419324127404,64.2561417322835,0.947718666526636,64.2561417322835,0.637258742030192,64.2561417322835,0.815489783732995,64.2561417322835,1.71461431118148,64.2561417322835,1.25699937986838
64.8103937007874,0.580193227964333,64.8103937007874,0.87601333401733,64.8103937007874,0.492294489678681,64.8103937007874,0.365976590802387,64.8103937007874,2.23386719674956,64.8103937007874,-0.00564712183348842,64.8103937007874,0.514832048688664,64.8103937007874,0.831349978146386,64.8103937007874,2.54987293831555,64.8103937007874,1.10327504049466,64.8103937007874,0.674244397053292,64.8103937007874,0.962255570340046,64.8103937007874,1.71007470312253,64.8103937007874,1.24032133464649
65.3646456692914,0.604642096954854,65.3646456692914,1.18863844602185,65.3646456692914,0.584807608095008,65.3646456692914,0.377445167309967,65.3646456692914,2.21870601319335,65.3646456692914,0.0679956033637427,65.3646456692914,0.834937577991418,65.3646456692914,0.863565685391258,65.3646456692914,2.48272453224104,65.3646456692914,1.19994524981465,65.3646456692914,0.724278826869582,65.3646456692914,1.06530808765217,65.3646456692914,1.70933895149595,65.3646456692914,1.23574663891534
65.9188976377953,0.652727331491898,65.9188976377953,1.38609910576035,65.9188976377953,0.666973799245611,65.9188976377953,0.405496603593313,65.9188976377953,2.21194379202117,65.9188976377953,0.122823623726549,65.9188976377953,1.0340307632751,65.9188976377953,0.9114237334777,65.9188976377953,2.43765627203079,65.9188976377953,1.25010372445044,65.9188976377953,0.772992340187165,65.9188976377953,1.15682399746684,65.9188976377953,1.72652721399964,65.9188976377953,1.23128942713242
66.4731496062992,0.670148170215658,66.4731496062992,1.47495133700688,66.4731496062992,0.713062030489346,66.4731496062992,0.440271161575898,66.4731496062992,2.17934135908502,66.4731496062992,0.165839663911809,66.4731496062992,1.11691421473142,66.4731496062992,0.937882803670799,66.4731496062992,2.41548338409787,66.4731496062992,1.27748726655201,66.4731496062992,0.804754924143418,66.4731496062992,1.19726516846592,66.4731496062992,1.72515918532821,66.4731496062992,1.21191695956567
67.0274015748031,0.676601120426272,67.0274015748031,1.52521045001778,67.0274015748031,0.753257649410427,67.0274015748031,0.503970362139504,67.0274015748031,2.15671839067971,67.0274015748031,0.214994692334814,67.0274015748031,1.18543599195221,67.0274015748031,0.979143506713741,67.0274015748031,2.40967904998721,67.0274015748031,1.3307650763463,67.0274015748031,0.816331842567377,67.0274015748031,1.22425195198557,67.0274015748031,1.70453540063186,67.0274015748031,1.1869141726721
67.5816535433071,0.677773660437424,67.5816535433071,1.54682693398612,67.5816535433071,0.796256730539192,67.5816535433071,0.536877685123825,67.5816535433071,2.16629593747453,67.5816535433071,0.268190732611508,67.5816535433071,1.26158033772223,67.5816535433071,1.04419253900338,67.5816535433071,2.39158234162592,67.5816535433071,1.40510813605739,67.5816535433071,0.806650471297676,67.5816535433071,1.27912768503838,67.5816535433071,1.70625887395305,67.5816535433071,1.18090093137099
68.135905511811,0.671445005952519,68.135905511811,1.57998672029288,68.135905511811,0.824240412182803,68.135905511811,0.543302136500018,68.135905511811,2.19171540144449,68.135905511811,0.32279068225929,68.135905511811,1.31958996698002,68.135905511811,1.09459616085415,68.135905511811,2.3419245644292,68.135905511811,1.44777102195636,68.135905511811,0.830685875847288,68.135905511811,1.34920652577613,68.135905511811,1.69692859805755,68.135905511811,1.18717771117015
68.690157480315,0.670074383585606,68.690157480315,1.63958404581521,68.690157480315,0.844332919737202,68.690157480315,0.587760619492529,68.690157480315,2.18609160728566,68.690157480315,0.373144724168214,68.690157480315,1.34174794101588,68.690157480315,1.09784491298624,68.690157480315,2.29546788098335,68.690157480315,1.4539527492776,68.690157480315,0.883588313213129,68.690157480315,1.42289816184309,68.690157480315,1.6728610013604,68.690157480315,1.1806421245301
69.2444094488189,0.676151515946022,69.2444094488189,1.6520130011326,69.2444094488189,0.861135093830279,69.2444094488189,0.638403945436568,69.2444094488189,2.14750897829587,69.2444094488189,0.400246410452529,69.2444094488189,1.33625485400944,69.2444094488189,1.09477386883791,69.2444094488189,2.281241624323,69.2444094488189,1.44683776167294,69.2444094488189,0.887364483440767,69.2444094488189,1.45731712044692,69.2444094488189,1.68986834294625,69.2444094488189,1.15952695759467
69.7986614173228,0.699021499142124,69.7986614173228,1.65619887797847,69.7986614173228,0.87649697834437,69.7986614173228,0.673957877412223,69.7986614173228,2.09824577824763,69.7986614173228,0.412087391514479,69.7986614173228,1.36938404690978,69.7986614173228,1.11203388521526,69.7986614173228,2.27582617677337,69.7986614173228,1.45511863833938,69.7986614173228,0.864001791385045,69.7986614173228,1.43166972424238,69.7986614173228,1.71988981235662,69.7986614173228,1.15557358329843
70.3529133858268,0.712827852001335,70.3529133858268,1.68834884132197,70.3529133858268,0.894643571773608,70.3529133858268,0.69192986832747,70.3529133858268,2.07154384956163,70.3529133858268,0.424187587663874,70.3529133858268,1.41594877086467,70.3529133858268,1.12363060310701,70.3529133858268,2.2553872004197,70.3529133858268,1.46347779439404,70.3529133858268,0.876360175235351,70.3529133858268,1.42643734691757,70.3529133858268,1.71738278599316,70.3529133858268,1.168655394946
70.9071653543307,0.706577359229215,70.9071653543307,1.68937396827312,70.9071653543307,0.92238235909108,70.9071653543307,0.717581076374874,70.9071653543307,2.07560937869622,70.9071653543307,0.458416952699664,70.9071653543307,1.41079011654616,70.9071653543307,1.15191371304839,70.9071653543307,2.20275675423396,70.9071653543307,1.4677694792394,70.9071653543307,0.911826319564416,70.9071653543307,1.48611163290026,70.9071653543307,1.69472495444681,70.9071653543307,1.17229912642103
71.4614173228346,0.704889097267941,71.4614173228346,1.68175758973958,71.4614173228346,0.954624254424785,71.4614173228346,0.76362360949272,71.4614173228346,2.05031752047644,71.4614173228346,0.513440784022606,71.4614173228346,1.41360709655534,71.4614173228346,1.20181553832389,71.4614173228346,2.14398806586556,71.4614173228346,1.47362004442311,71.4614173228346,0.945922500024514,71.4614173228346,1.55307408241591,71.4614173228346,1.65685064036037,71.4614173228346,1.13690083954533
72.0156692913386,0.727783418163414,72.0156692913386,1.67069067293158,72.0156692913386,0.966803621791006,72.0156692913386,0.811547515808851,72.0156692913386,2.01549156889559,72.0156692913386,0.553254017740793,72.0156692913386,1.43719883004499,72.0156692913386,1.23008061747041,72.0156692913386,2.11241318877605,72.0156692913386,1.47155718543943,72.0156692913386,0.960622499060036,72.0156692913386,1.59722191100633,72.0156692913386,1.61523010148887,72.0156692913386,1.09966050089493
72.5699212598425,0.741087986315586,72.5699212598425,1.66264155242289,72.5699212598425,0.983625392446744,72.5699212598425,0.841030493337727,72.5699212598425,2.01872887434158,72.5699212598425,0.554207298759582,72.5699212598425,1.4360618748279,72.5699212598425,1.22779360665045,72.5699212598425,2.09032589834431,72.5699212598425,1.49759949525568,72.5699212598425,0.941445324200071,72.5699212598425,1.60031761812128,72.5699212598425,1.59328610837091,72.5699212598425,1.09517709296596
73.1241732283465,0.725922088677938,73.1241732283465,1.68501841913193,73.1241732283465,1.01908837212707,73.1241732283465,0.829051182100624,73.1241732283465,2.02557516009158,73.1241732283465,0.537096316788522,73.1241732283465,1.43039780494609,73.1241732283465,1.22799777811973,73.1241732283465,2.07259443013191,73.1241732283465,1.53066521612051,73.1241732283465,0.94416384411583,73.1241732283465,1.55973167165122,73.1241732283465,1.58749677998988,73.1241732283465,1.07517551425158
73.6784251968504,0.728940038181521,73.6784251968504,1.69799221348489,73.6784251968504,1.01389820011814,73.6784251968504,0.795417008134556,73.6784251968504,2.00881225357235,73.6784251968504,0.551703480907177,73.6784251968504,1.44612665308087,73.6784251968504,1.23441606328578,73.6784251968504,2.06259038600496,73.6784251968504,1.52318413586855,73.6784251968504,0.970995717663271,73.6784251968504,1.5310808737954,73.6784251968504,1.60178820369977,73.6784251968504,1.04616295639392
74.2326771653543,0.742968865196115,74.2326771653543,1.6916955253963,74.2326771653543,0.990225679088712,74.2326771653543,0.825633148624063,74.2326771653543,1.98103717515958,74.2326771653543,0.603231837427573,74.2326771653543,1.45893826806825,74.2326771653543,1.24129919776819,74.2326771653543,2.04613821973314,74.2326771653543,1.532247053178,74.2326771653543,0.982683667281145,74.2326771653543,1.56203615805125,74.2326771653543,1.61069340759268,74.2326771653543,1.03952968356958
74.7869291338583,0.756313234447294,74.7869291338583,1.6686929597493,74.7869291338583,1.01652634863387,74.7869291338583,0.922907690662298,74.7869291338583,1.96196405126358,74.7869291338583,0.648074389478696,74.7869291338583,1.43503868452971,74.7869291338583,1.23600678394698,74.7869291338583,2.02336942100425,74.7869291338583,1.57065005012325,74.7869291338583,0.984317000121622,74.7869291338583,1.61459408495999,74.7869291338583,1.58059744600762,74.7869291338583,1.05147548957659
75.3411811023622,0.772098292557737,75.3411811023622,1.64489360013183,75.3411811023622,1.04264707654501,75.3411811023622,0.990083808542187,75.3411811023622,1.93918846987342,75.3411811023622,0.666340762586662,75.3411811023622,1.40570671373023,75.3411811023622,1.23018615118464,75.3411811023622,1.99174067406266,75.3411811023622,1.56031551144506,75.3411811023622,0.974983819060079,75.3411811023622,1.63551395146072,75.3411811023622,1.53674520043532,75.3411811023622,1.0587801946011
75.8954330708662,0.771889984407393,75.8954330708662,1.62517335974786,75.8954330708662,1.02472990511042,75.8954330708662,0.996500138078941,75.8954330708662,1.8978578529048,75.8954330708662,0.653078163171215,75.8954330708662,1.41932238780852,75.8954330708662,1.25521879092095,75.8954330708662,1.93925690340072,75.8954330708662,1.5151071929329,75.8954330708662,0.981922429898776,75.8954330708662,1.64496031499848,75.8954330708662,1.52084286263175,75.8954330708662,1.04229338045039
76.4496850393701,0.781110425696624,76.4496850393701,1.59685320823007,76.4496850393701,1.0156323481852,76.4496850393701,1.01871646776997,76.4496850393701,1.8681624710987,76.4496850393701,0.643446708145012,76.4496850393701,1.44529383733136,76.4496850393701,1.28718231556903,76.4496850393701,1.89192139839232,76.4496850393701,1.50981199342671,76.4496850393701,1.00906348055057,76.4496850393701,1.64671916304849,76.4496850393701,1.52666208293498,76.4496850393701,1.02021926062322
77.003937007874,0.804313283374124,77.003937007874,1.58281873017672,77.003937007874,1.03851784219457,77.003937007874,1.09425625138652,77.003937007874,1.85041225264667,77.003937007874,0.648019740921006,77.003937007874,1.44194305566537,77.003937007874,1.29516414162499,77.003937007874,1.86064457887445,77.003937007874,1.54427379930403,77.003937007874,1.02533697097677,77.003937007874,1.63769536331393,77.003937007874,1.53638049303529,77.003937007874,1.01648418953148
77.558188976378,0.812123402109741,77.558188976378,1.58820706075551,77.558188976378,1.06072792106528,77.558188976378,1.1818767490504,77.558188976378,1.84080351802058,77.558188976378,0.673184847725111,77.558188976378,1.43251657830824,77.558188976378,1.31753760467037,77.558188976378,1.83744810875368,77.558188976378,1.56271411783638,77.558188976378,1.03246882861762,77.558188976378,1.62790429863122,77.558188976378,1.51336426647402,77.558188976378,1.02115070459047
78.1124409448819,0.805084018616141,78.1124409448819,1.59435958370985,78.1124409448819,1.0670530225171,78.1124409448819,1.19777206773756,78.1124409448819,1.84604351895222,78.1124409448819,0.706067080474152,78.1124409448819,1.4199571591093,78.1124409448819,1.34215720935657,78.1124409448819,1.81544747072123,78.1124409448819,1.55344665547083,78.1124409448819,1.03833843219755,78.1124409448819,1.61576550984304,78.1124409448819,1.45250987541484,78.1124409448819,1.01179158638217
78.6666929133858,0.78494685706476,78.6666929133858,1.59953731239716,78.6666929133858,1.096462205643,78.6666929133858,1.15395132287385,78.6666929133858,1.83039982635202,78.6666929133858,0.710385813784326,78.6666929133858,1.40886874331873,78.6666929133858,1.32398108124626,78.6666929133858,1.7797074872081,78.6666929133858,1.55934483939658,78.6666929133858,1.03478162556134,78.6666929133858,1.62682865833226,78.6666929133858,1.42889176492497,78.6666929133858,1.00304700738604
79.2209448818898,0.780108315573105,79.2209448818898,1.59120146936634,79.2209448818898,1.12773455116554,79.2209448818898,1.16677969509901,79.2209448818898,1.78724371022567,79.2209448818898,0.709201519034233,79.2209448818898,1.4307829483244,79.2209448818898,1.31144388743546,79.2209448818898,1.74699187227072,79.2209448818898,1.56954402068499,79.2209448818898,1.03009051513799,79.2209448818898,1.66927319182638,79.2209448818898,1.43757059879454,79.2209448818898,0.998274277816551
79.7751968503937,0.803577479166341,79.7751968503937,1.57010415306752,79.7751968503937,1.12434759673458,79.7751968503937,1.20287817631269,79.7751968503937,1.7758676814019,79.7751968503937,0.726567073113598,79.7751968503937,1.45990538315581,79.7751968503937,1.34104738287955,79.7751968503937,1.72371426439774,79.7751968503937,1.55555154518106,79.7751968503937,1.0257908511704,79.7751968503937,1.69525693949658,79.7751968503937,1.43661252587612,79.7751968503937,0.995451307830587
80.3294488188977,0.813694581839894,80.3294488188977,1.54920826764714,80.3294488188977,1.12248090080786,80.3294488188977,1.22228398365469,80.3294488188977,1.78252927300148,80.3294488188977,0.761009792651359,80.3294488188977,1.45265332510089,80.3294488188977,1.37202507477906,80.3294488188977,1.68241069792437,80.3294488188977,1.54822788838169,80.3294488188977,1.00890040281515,80.3294488188977,1.68608441038826,80.3294488188977,1.41914551182324,80.3294488188977,0.991485303702534
80.8837007874016,0.813866272826575,80.8837007874016,1.52715896489813,80.8837007874016,1.14056058074442,80.8837007874016,1.26963258609714,80.8837007874016,1.77585355555955,80.8837007874016,0.791589888441597,80.8837007874016,1.40567735342621,80.8837007874016,1.38675704477403,80.8837007874016,1.63842724305055,80.8837007874016,1.55031228952053,80.8837007874016,1.01042455524999,80.8837007874016,1.67200198638252,80.8837007874016,1.4030735020278,80.8837007874016,0.959395050452142
81.4379527559055,0.83705360916899,81.4379527559055,1.50992045555846,81.4379527559055,1.18608468525551,81.4379527559055,1.31170016334611,81.4379527559055,1.78303390588055,81.4379527559055,0.806776239603476,81.4379527559055,1.35554747325059,81.4379527559055,1.40448128368351,81.4379527559055,1.61238715138037,81.4379527559055,1.55705968822904,81.4379527559055,1.04207238519182,81.4379527559055,1.66838876702965,81.4379527559055,1.4019891293283,81.4379527559055,0.932971942450113
81.9922047244095,0.853594950014887,81.9922047244095,1.49640406340001,81.9922047244095,1.19561896388144,81.9922047244095,1.34308389274138,81.9922047244095,1.75905629035478,81.9922047244095,0.79703389455236,81.9922047244095,1.35408374217101,81.9922047244095,1.41747336158707,81.9922047244095,1.58131800009963,81.9922047244095,1.5644372627669,81.9922047244095,1.06060521021968,81.9922047244095,1.66416607027682,81.9922047244095,1.39017214661539,81.9922047244095,0.939160930656748
82.5464566929134,0.837471991856685,82.5464566929134,1.48987545921117,82.5464566929134,1.17798275630911,82.5464566929134,1.3845748493584,82.5464566929134,1.70269081440994,82.5464566929134,0.775077913806646,82.5464566929134,1.3716961965277,82.5464566929134,1.40856622232294,82.5464566929134,1.55834149812974,82.5464566929134,1.56191321424187,82.5464566929134,1.04681191625266,82.5464566929134,1.65453668415625,82.5464566929134,1.35233957678004,82.5464566929134,0.946619559695246
83.1007086614173,0.835350268435536,83.1007086614173,1.49329400970532,83.1007086614173,1.20095568939082,83.1007086614173,1.39328790041246,83.1007086614173,1.69065316157993,83.1007086614173,0.77996719559507,83.1007086614173,1.36321897618323,83.1007086614173,1.40877003912526,83.1007086614173,1.55194367098606,83.1007086614173,1.55881615611912,83.1007086614173,1.04659832690624,83.1007086614173,1.63447803159432,83.1007086614173,1.31508992209901,83.1007086614173,0.941671612623241
83.6549606299213,0.859816719236499,83.6549606299213,1.4957334750096,83.6549606299213,1.23096177409022,83.6549606299213,1.38558211977514,83.6549606299213,1.69174979314552,83.6549606299213,0.812688602481174,83.6549606299213,1.37914498281487,83.6549606299213,1.4371069205654,83.6549606299213,1.52969247373598,83.6549606299213,1.55739110862963,83.6549606299213,1.06762938573348,83.6549606299213,1.61271580890239,83.6549606299213,1.31041302368046,83.6549606299213,0.940595397232256
84.2092125984252,0.852141627280665,84.2092125984252,1.47048532697194,84.2092125984252,1.24092790250856,84.2092125984252,1.42127481077137,84.2092125984252,1.6640176695658,84.2092125984252,0.825685173104413,84.2092125984252,1.41477699306277,84.2092125984252,1.44845160886752,84.2092125984252,1.49182364667404,84.2092125984252,1.56368730331372,84.2092125984252,1.07466024730334,84.2092125984252,1.62512767988349,84.2092125984252,1.32187832177443,84.2092125984252,0.940301848110669
84.7634645669291,0.845887453433629,84.7634645669291,1.43433016203637,84.7634645669291,1.22896188630423,84.7634645669291,1.46958869675108,84.7634645669291,1.63488166432422,84.7634645669291,0.824324488693575,84.7634645669291,1.40815881416357,84.7634645669291,1.43028279169509,84.7634645669291,1.44190711336912,84.7634645669291,1.55960220090585,84.7634645669291,1.08972182385508,84.7634645669291,1.65428721412032,84.7634645669291,1.31423135242171,84.7634645669291,0.935487061617776
85.3177165354331,0.887868157550893,85.3177165354331,1.41288793737908,85.3177165354331,1.21877552377959,85.3177165354331,1.47728361928653,85.3177165354331,1.61321037338039,85.3177165354331,0.829860799274669,85.3177165354331,1.36015686821587,85.3177165354331,1.4024711260554,85.3177165354331,1.38098549593759,85.3177165354331,1.54505546082923,85.3177165354331,1.10259151207383,85.3177165354331,1.64443742395164,85.3177165354331,1.28523169795486,85.3177165354331,0.917339670216513
85.871968503937,0.903241485297436,85.871968503937,1.39150120290991,85.871968503937,1.21781567589399,85.871968503937,1.48242385006713,85.871968503937,1.59956449972124,85.871968503937,0.82569623724445,85.871968503937,1.31394684620293,85.871968503937,1.38232852284424,85.871968503937,1.35351507492406,85.871968503937,1.54287699524774,85.871968503937,1.07321395713514,85.871968503937,1.5896594954494,85.871968503937,1.2342284836117,85.871968503937,0.872532440537462
86.4262204724409,0.868631719156452,86.4262204724409,1.38120656856633,86.4262204724409,1.20967478458482,86.4262204724409,1.50825968221292,86.4262204724409,1.58360102594127,86.4262204724409,0.826096161689671,86.4262204724409,1.30318434145695,86.4262204724409,1.39585032604734,86.4262204724409,1.34522825034607,86.4262204724409,1.53852633642989,86.4262204724409,1.03649052557616,86.4262204724409,1.55291089701161,86.4262204724409,1.19973499203404,86.4262204724409,0.845911129178538
86.9804724409449,0.851123733183445,86.9804724409449,1.39243156781995,86.9804724409449,1.24641026817724,86.9804724409449,1.56135536958125,86.9804724409449,1.58721186007134,86.9804724409449,0.844685525423978,86.9804724409449,1.31845780848907,86.9804724409449,1.43191525771097,86.9804724409449,1.31678741904995,86.9804724409449,1.54349132405238,86.9804724409449,1.03675601935753,86.9804724409449,1.58376118844308,86.9804724409449,1.22257682284884,86.9804724409449,0.866162205890916
87.5347244094488,0.87307436454522,87.5347244094488,1.39880925805639,87.5347244094488,1.30856057231166,87.5347244094488,1.65666553535786,87.5347244094488,1.59975633564226,87.5347244094488,0.871316452852868,87.5347244094488,1.34308372059775,87.5347244094488,1.45359800761921,87.5347244094488,1.3005065231897,87.5347244094488,1.55902376994146,87.5347244094488,1.05876440144389,87.5347244094488,1.61559457292232,87.5347244094488,1.24122934938864,87.5347244094488,0.893235261130347
88.0889763779528,0.901230601280092,88.0889763779528,1.37163972704182,88.0889763779528,1.32147304360916,88.0889763779528,1.71446329876293,88.0889763779528,1.57642979702679,88.0889763779528,0.890319200755528,88.0889763779528,1.34698153538497,88.0889763779528,1.45498484090381,88.0889763779528,1.28648354798563,88.0889763779528,1.5549297854489,88.0889763779528,1.07495019397911,88.0889763779528,1.58044116037732,88.0889763779528,1.21987698734988,88.0889763779528,0.900392160334738
88.6432283464567,0.917841836336289,88.6432283464567,1.33412783433161,88.6432283464567,1.30005509766557,88.6432283464567,1.73115207011425,88.6432283464567,1.54785026257049,88.6432283464567,0.898886021809548,88.6432283464567,1.33774473078229,88.6432283464567,1.4591989097713,88.6432283464567,1.25244593085966,88.6432283464567,1.54062030110621,88.6432283464567,1.08410856095389,88.6432283464567,1.53642513400932,88.6432283464567,1.18690280656011,88.6432283464567,0.889626631832336
89.1974803149606,0.914617526646866,89.1974803149606,1.30499272473271,89.1974803149606,1.28039506153359,89.1974803149606,1.75583561964344,89.1974803149606,1.53258119288103,89.1974803149606,0.907162129536318,89.1974803149606,1.30917044511865,89.1974803149606,1.45487690247542,89.1974803149606,1.22157747125788,89.1974803149606,1.52026048880967,89.1974803149606,1.08850835889155,89.1974803149606,1.52993290616759,89.1974803149606,1.16018560460934,89.1974803149606,0.875336625941143
89.7517322834646,0.90418902557575,89.7517322834646,1.28368864645001,89.7517322834646,1.27241755548424,89.7517322834646,1.80052947133537,89.7517322834646,1.53899384116958,89.7517322834646,0.914784129453684,89.7517322834646,1.27505479650412,89.7517322834646,1.45704168034145,89.7517322834646,1.19903275135922,89.7517322834646,1.49873499374048,89.7517322834646,1.07448872445789,89.7517322834646,1.53780329473391,89.7517322834646,1.16248715502691,89.7517322834646,0.866350077747892
90.3059842519685,0.911161319055716,90.3059842519685,1.28379543466965,90.3059842519685,1.27515887954279,90.3059842519685,1.85121791864439,90.3059842519685,1.5547906677475,90.3059842519685,0.92657701571972,90.3059842519685,1.2819111994611,90.3059842519685,1.4772396065201,90.3059842519685,1.17038483671295,90.3059842519685,1.4960444530761,90.3059842519685,1.06224858109809,90.3059842519685,1.55523485695266,90.3059842519685,1.17192405196722,90.3059842519685,0.855097922874129
90.8602362204724,0.931480370772988,90.8602362204724,1.29169951890426,90.8602362204724,1.29778689661848,90.8602362204724,1.90119104580344,90.8602362204724,1.54992560573198,90.8602362204724,0.951793356345101,90.8602362204724,1.28203007715438,90.8602362204724,1.4938505015602,90.8602362204724,1.13986796838973,90.8602362204724,1.5152780680318,90.8602362204724,1.07256316393653,90.8602362204724,1.55523904879315,90.8602362204724,1.15767896374406,90.8602362204724,0.846036205406982
91.4144881889764,0.946883259511425,91.4144881889764,1.27891876662058,91.4144881889764,1.32143829135611,91.4144881889764,1.96658313325193,91.4144881889764,1.53185138199998,91.4144881889764,0.965269000226339,91.4144881889764,1.2566660040508,91.4144881889764,1.50676268195758,91.4144881889764,1.12396344683871,91.4144881889764,1.52428875039762,91.4144881889764,1.06937265406497,91.4144881889764,1.52753905890234,91.4144881889764,1.13245582640128,91.4144881889764,0.837628282386937
91.9687401574803,0.941110048779185,91.9687401574803,1.24326398977219,91.9687401574803,1.31746265276929,91.9687401574803,1.99802575449208,91.9687401574803,1.49773148830486,91.9687401574803,0.956065693411565,91.9687401574803,1.23751098823488,91.9687401574803,1.47806173360413,91.9687401574803,1.12268338094296,91.9687401574803,1.49990162450555,91.9687401574803,1.04316685094195,91.9687401574803,1.48474647223341,91.9687401574803,1.09336294866887,91.9687401574803,0.827540172315905
92.5229921259843,0.922095652426097,92.5229921259843,1.20963593979937,92.5229921259843,1.29236314523495,92.5229921259843,1.98219134457751,92.5229921259843,1.45857568819517,92.5229921259843,0.945493138992298,92.5229921259843,1.21489360494735,92.5229921259843,1.44612385923387,92.5229921259843,1.10203658393676,92.5229921259843,1.45116863933853,92.5229921259843,1.02646680521364,92.5229921259843,1.42148068119468,92.5229921259843,1.05116018567923,92.5229921259843,0.809056060812942
93.0772440944882,0.918895659941069,93.0772440944882,1.19456000486931,93.0772440944882,1.28894081697276,93.0772440944882,1.97517930672592,93.0772440944882,1.46156232899421,93.0772440944882,0.968243889003301,93.0772440944882,1.17945469333933,93.0772440944882,1.46555249419881,93.0772440944882,1.05314109771044,93.0772440944882,1.41691754858379,93.0772440944882,1.03034395467517,93.0772440944882,1.39775126085483,93.0772440944882,1.03232682601121,93.0772440944882,0.790418483540019
93.6314960629921,0.921429913939265,93.6314960629921,1.20384505847549,93.6314960629921,1.31001864920558,93.6314960629921,2.01434007044076,93.6314960629921,1.50300913301286,93.6314960629921,1.00376127573928,93.6314960629921,1.17061745135634,93.6314960629921,1.48662594773677,93.6314960629921,1.00596074447108,93.6314960629921,1.41288325734481,93.6314960629921,1.02238072892635,93.6314960629921,1.4269756121511,93.6314960629921,1.03237516160143,93.6314960629921,0.79481270488118
94.1857480314961,0.918958621552124,94.1857480314961,1.21839777793516,94.1857480314961,1.31503228604702,94.1857480314961,2.09054557515871,94.1857480314961,1.537443527776,94.1857480314961,1.00881889504897,94.1857480314961,1.20616670965267,94.1857480314961,1.50540750164858,94.1857480314961,0.987481718012616,94.1857480314961,1.42745355589425,94.1857480314961,0.99306442510057,94.1857480314961,1.45310774545766,94.1857480314961,1.04241637262049,94.1857480314961,0.809047294459375
94.74,0.918958621552124,94.74,1.21839777793516,94.74,1.31503228604702,94.74,2.09054557515871,94.74,1.537443527776,94.74,1.00881889504897,94.74,1.20616670965267,94.74,1.50540750164858,94.74,0.987481718012616,94.74,1.42745355589425,94.74,0.99306442510057,94.74,1.45310774545766,94.74,1.04241637262049,94.74,0.809047294459375

